final_question_id,label,cleaned_question,mistral_response,llama31_response
FQ00001,factual,What is the full form of TFSA?,"The full form of TFSA is Tax-Free Savings Account. It's a type of investment account offered by financial institutions in Canada that allows eligible individuals to save money while growing their investments tax-free throughout their lifetime. Contributions are made with after-tax dollars, but any income or capital gains earned within the account are not subject to further taxes as long as they remain inside the account.",TFSA stands for Tax-Free Savings Account.
FQ00002,factual,What is the net asset value of CPP Investments after the third quarter?,"I'm sorry for any inconvenience, but I don't have real-time data. As of my last update, CPP Investments does not publicly disclose its net asset value on a quarterly basis. You can find their most recent financial reports on their official website or contact them directly for the specific information you need.","According to the latest available data, as of September 30, 2022, the net asset value (NAV) of Canada Pension Plan Investment Board (CPP Investments), formerly known as CPPIB, was approximately $542.8 billion CAD."
FQ00003,factual,Can you be both an active and passive investor?,"Yes, it's possible to be both an active and passive investor. Active investing involves making deliberate decisions about which securities to buy, sell, and hold based on market analysis and research. Passive investing, on the other hand, typically involves buying and holding a diversified portfolio of investments, such as index funds or ETFs, that aim to replicate the performance of a specific market index. Some investors may choose to combine active and passive strategies, for example by using passive investments as a foundation and actively managing a smaller portion of their portfolio. However, it's important to note that combining these strategies can increase costs and complexity.","Yes, it's possible to be both an active and passive investor at different times or in different investment portfolios. For example, you can have a passive index fund for long-term growth investments (e.g., 401(k) or RRSP), while actively managing your taxable brokerage account with individual stocks or ETFs.

In Canada, this approach is often referred to as ""core-satellite"" investing, where the core portfolio consists of low-cost index funds and the satellite portion includes actively managed investments."
FQ00004,factual,"What is the impact of investing in RRSP and TFSA for a retail investor, specifically when the investor is a business owner?","Investing in Registered Retirement Savings Plans (RRSP) and Tax-Free Savings Accounts (TFSA) can significantly benefit Canadian retail investors, including business owners.

1. RRSP: Contributions to an RRSP are tax-deductible, reducing your taxable income for the year you contribute. The savings accumulate tax-deferred until withdrawal, typically in retirement when you may be in a lower tax bracket. As a business owner, you can also deduct contributions made on behalf of yourself and eligible employees.

2. TFSA: Contributions to a TFSA are not tax-deductible, but the earnings and withdrawals from a TFSA are tax-free. This makes it an ideal account for long-term savings or investment goals where you expect growth, such as retirement planning. As a business owner, you can contribute in your own name, regardless of whether you have employees.

Both accounts offer flexibility to invest in various financial instruments like stocks, bonds, mutual funds, and ETFs, allowing for potential growth of your savings over time. It's essential to consider your personal financial situation, investment goals, and tax strategy when deciding how to allocate contributions between RRSP and TFSA. Consulting a financial advisor can help optimize your investments based on your unique circumstances.","As a Canadian retail investor, particularly one who's also a business owner, investing in both Registered Retirement Savings Plan (RRSP) and Tax-Free Savings Account (TFSA) can provide tax benefits.

**RRSP Impact:**

* Contributions are tax-deductible, reducing taxable income
* Earnings grow tax-free until withdrawal
* Withdrawals are taxed as income

**TFSA Impact:**

* Earnings grow tax-free forever
* No taxes on withdrawals or interest earned
* Contribution room is $6,000 in 2022 (indexing to inflation)

For a business owner, investing in RRSPs can help reduce taxable business income, while TFSAs provide a separate, tax-free savings vehicle. It's essential to consider individual circumstances and consult with a financial advisor for personalized advice.

**Key Figures:**

* RRSP contribution limit: 18% of earned income (up to $29,210 in 2022)
* TFSA contribution room: $6,000 in 2022"
FQ00005,factual,Extend mortgage amortization to reduce sequence of returns risk - any downsides?,"Extending your mortgage amortization period can help reduce sequence-of-returns risk by lowering monthly payments, freeing up cash for other investments during market downturns. However, there are potential downsides:

1. Higher total interest costs over the life of the loan due to longer repayment period.
2. Reduced equity in your home as you take longer to pay off the mortgage.
3. Potential difficulty refinancing or qualifying for a new mortgage if your debt-to-income ratio increases significantly.
4. Risk of being ""house poor,"" where a large portion of income goes towards mortgage payments, leaving less for other expenses and savings.","Extending mortgage amortization can indeed help mitigate sequence of returns risk by reducing the amount of debt that needs to be refinanced in a low-interest-rate environment. However, there are some potential downsides:

* Increased interest paid over the life of the loan
* Potential for higher monthly payments due to increased principal balance
* May not be available or may have restrictions on all mortgage products

In Canada, the maximum amortization period is 25 years for insured mortgages (those with a down payment of less than 20%)."
FQ00006,factual,"Does the choice for the remaining part of a portfolio, when using a 3-year cash wedge, solely depend on risk tolerance?","The choice for the remaining portion of a portfolio when using a 3-year cash wedge can be influenced by various factors, including but not limited to risk tolerance. Other considerations may include investment goals, time horizon, and expected return requirements. However, it's essential to consult with a financial advisor or do thorough research before making any investment decisions.","No, it doesn't solely depend on risk tolerance. The choice also depends on investment goals and time horizon beyond the 3-year cash wedge period."
FQ00007,factual,Procedure for closing a bank account before investing,"To close a bank account in Canada, you typically need to follow these steps:

1. Gather all necessary documents such as identification and account statements.
2. Contact your bank either in person, by phone, or online to request the account closure. Some banks may require you to fill out a form for this purpose.
3. Follow any specific instructions provided by your bank regarding the process. This might include transferring funds out of the account before it can be closed.
4. Once the account is closed, ensure that all direct debits and standing orders have been cancelled or transferred to another account.
5. If you have any remaining questions or concerns, consult with a financial advisor or contact your bank's customer service department.","To close a bank account in Canada, you'll need to follow these steps:

1. Notify your bank in writing (by mail or email) of your intention to close the account.
2. Ensure all direct deposits and automatic payments are cancelled.
3. Withdraw any remaining funds from the account.
4. Close the account at a branch or by phone with the bank.

Typically, banks require 30 days' written notice before closing an account. After this period, you can expect to receive your final statement and have access to any remaining funds."
FQ00008,factual,How does gaming the system influence a retail investor?,"Gaming the system refers to manipulating financial markets through illegal activities such as insider trading, market manipulation, or fraud. For retail investors, engaging in these practices can lead to severe penalties including fines, imprisonment, and damage to their reputation. It's important for retail investors to follow all securities laws and regulations to protect themselves and maintain the integrity of the financial markets.","Gaming the system can negatively impact a retail investor by:

*   Creating an uneven playing field where institutional investors have access to better information and resources
*   Encouraging high-risk trading strategies that may not be suitable for individual investors
*   Increasing market volatility, which can lead to significant losses for retail investors who are not equipped to handle such fluctuations

Some examples of gaming the system include:

*   High-frequency trading (HFT) algorithms that execute trades in fractions of a second, often at the expense of slower-moving retail investors
*   Market manipulation through coordinated buying or selling activities by large institutional investors
*   Insider trading, where individuals with access to confidential information use it for personal gain

Retail investors should be aware of these tactics and take steps to protect themselves, such as:

*   Diversifying their portfolios to minimize risk
*   Conducting thorough research before making investment decisions
*   Avoiding over-leveraging or using excessive margin"
FQ00009,factual,What are the effects of Other costs to consider on a retail investor?,"Other costs for a retail investor can significantly impact their overall investment returns. These costs may include:

1. Account maintenance fees: Some brokers charge annual or monthly fees for maintaining an account.
2. Trading commissions: Each trade you make will incur a commission fee, which varies among different brokerages.
3. Custodian fees: If your investments are held by a custodian, they may charge additional fees for safekeeping and administration of your assets.
4. Foreign exchange fees: When investing in foreign securities, there may be currency conversion costs associated with the transaction.
5. Dividend reinvestment fees: Some brokers charge a fee when you choose to reinvest dividends back into the same security.
6. Taxes: Capital gains taxes and other related taxes must be paid on any profits made from investments.
7. Research and education costs: Subscription fees for financial research, newsletters, or online courses can add up over time.

It's essential to understand these costs when evaluating the potential return on your investments and choosing a brokerage platform.","Other costs to consider for a retail investor in Canada include:

* Management fees (typically 1-3% of investment value)
* Trading commissions (flat fee or percentage-based, e.g. $10-$30 per trade)
* MERs (Management Expense Ratios) on mutual funds and exchange-traded funds
* Sales charges (front-end loads or back-end loads)

These costs can eat into investment returns over time, so it's essential to factor them in when making investment decisions."
FQ00010,factual,Can a Canadian stock trader qualify for the small business deduction by incorporating?,"Yes, a Canadian stock trader can potentially qualify for the small business deduction if they incorporate their trading activities and meet certain criteria such as having an active business with less than $500,000 of annual income from the business in 2019 or earlier, and meeting the ""active in the business"" test. However, it's important to consult a tax professional for specific advice tailored to your situation.","In Canada, to qualify for the small business deduction (SBD), your corporation must have a ""qualifying business"" and meet certain conditions. One of these conditions is that the corporation's ""gross revenue"" from active business income cannot exceed $10 million in any taxation year.

If you incorporate as a Canadian-controlled private corporation (CCPC) and meet other requirements, such as having a qualifying business and not exceeding the $10 million gross revenue threshold, you may be eligible for the SBD. However, it's essential to consult with a tax professional or accountant to ensure your specific situation meets all the necessary conditions.

The small business deduction rate is 9% on the first $500,000 of active business income (SBI) and 10.25% on the next $375,000 of SBI, resulting in an effective corporate tax rate of 9% on the first $875,000 of SBI."
FQ00011,factual,Information needed about the bank before investing,"Before investing in a bank, consider the following key factors:

1. Financial Health: Check the bank's financial statements for indicators such as capital adequacy ratio, non-performing loans, and liquidity ratios to assess its financial stability.

2. Regulatory Compliance: Ensure that the bank is compliant with Canadian banking regulations set by the Office of the Superintendent of Financial Institutions (OSFI).

3. Management Quality: Research the backgrounds and experience of the bank's management team, as their decisions can significantly impact the bank's performance.

4. Earnings Growth: Look at the bank's historical earnings growth to understand its potential for future profitability.

5. Dividend Policy: If you are interested in income from your investment, consider the bank's dividend policy and history of paying dividends consistently.

6. Risk Management Practices: Understand how the bank manages risks associated with lending, market fluctuations, and operational risks.

7. Competitive Advantage: Analyze what sets the bank apart from its competitors in terms of products, services, or customer base.

8. Industry Trends: Stay informed about trends in the banking industry that may affect the bank's performance, such as technological advancements, changing consumer preferences, and regulatory changes.","To get started with investing in a bank, you'll want to review their financial health and stability. Here are some key metrics to consider:

1. **Capital Adequacy Ratio (CAR)**: Look for a CAR of at least 10% to ensure the bank has sufficient capital to absorb potential losses.
2. **Return on Equity (ROE)**: Aim for an ROE above 12% to indicate strong profitability.
3. **Non-Performing Loans (NPLs) ratio**: Target an NPLs ratio below 5% to gauge credit quality.
4. **Interest Coverage Ratio (ICR)**: Ensure the ICR is above 1 to demonstrate the bank's ability to cover interest expenses.

Additionally, review the bank's:

* Credit rating (e.g., Moody's or S&P)
* Dividend yield and payout history
* Management team and board composition

These metrics will give you a solid foundation for evaluating the bank's financial health before investing."
FQ00012,factual,What is the impact of four methods for tracking expenses on a retail investor?,"1. Manual Tracking: This method requires you to manually record all your investment-related expenses. It can be time-consuming but provides detailed insights into your spending.

2. Spreadsheet Tracking: Using spreadsheets allows for more organized expense tracking, making it easier to analyze and compare data over time. However, it still requires manual input and may not account for all potential expenses.

3. Online Portfolio Trackers: These tools automatically track your investment transactions and related fees. They can save time but might not cover all expenses like trading commissions or taxes.

4. Robo-Advisors: These digital platforms manage investments and provide expense tracking as part of their service. They offer convenience and professional management, but fees may be higher compared to DIY methods.

Each method has its advantages and disadvantages, and the best choice depends on your personal preferences, investment complexity, and budget.","For a retail investor in Canada, the four common methods for tracking expenses are:

1. **Cash Method**: Simple to implement, but may not accurately reflect income and expenses.
2. **Accrual Method**: More accurate, but requires more record-keeping effort.
3. **Modified Cash Flow Statement**: A simplified version of the accrual method, suitable for small businesses or individuals with simple financial situations.
4. **Cash Flow Forecasting**: Helps anticipate future cash inflows and outflows, but may require significant time and expertise.

These methods can impact a retail investor's ability to:

* Accurately report income and expenses on tax returns
* Make informed investment decisions based on cash flow projections
* Manage debt and credit effectively

It is essential for Canadian retail investors to choose the method that best suits their financial situation and complexity."
FQ00013,factual,Margin interest rate for non-income producing stock purchases,"In Canada, the margin interest rate for non-income producing stock purchases can vary depending on the financial institution. However, as of 2021, major banks like RBC and TD Bank typically offer rates ranging from 6% to 9%. It's essential to check with your specific financial institution for their current rates.","For non-income producing stock purchases in Canada, the margin interest rate is typically around 3-5% above prime (prime rate is currently around 2.95%). However, this can vary depending on your broker and their specific rates.

Here are some examples of margin interest rates offered by popular Canadian brokers:

* TD Direct Investing: 4.25% - 6.25% above prime
* RBC Direct Investing: 3.75% - 5.75% above prime
* CIBC Investor's Edge: 3.95% - 5.95% above prime

Please note that these rates are subject to change and may not reflect the current rates offered by your broker. It's always best to check with your broker directly for their current margin interest rates."
FQ00014,factual,Is it possible to collect GIS (Guaranteed Income Supplement) with 7 figures and a paid-off house in retirement?,"No, eligibility for the Guaranteed Income Supplement (GIS) is based on income and living situation. To qualify, you must be a Canadian senior (65+), live in Canada, and have an annual income below a certain threshold ($18,648 in 2021). Having seven figures or owning a paid-off house does not affect your eligibility for GIS, but it may impact other benefits like the Old Age Security pension. It's always best to consult with a financial advisor or contact Service Canada for personalized advice.","According to the Government of Canada's website, there is no income limit for receiving the Guaranteed Income Supplement (GIS). However, your Old Age Security (OAS) pension may be affected if you have net income above $79,054. If you're receiving GIS and have a paid-off house, it won't impact your eligibility.

It's essential to note that GIS is clawed back at 50% of the amount by which your net income exceeds $38,665 (for single individuals) or $49,885 (for couples)."
FQ00015,factual,"Age of the student is 24, and he has a dilemma about whether to sell stocks or face card interest.","The decision between selling stocks and facing credit card interest depends on various factors, but I can't provide specific advice without knowing more details. However, it's important to note that high-interest credit card debt can be costly in the long run. If the interest rate is higher than potential returns from the stocks, it might be wiser to pay off the debt first. It's also crucial to consider any potential capital gains taxes or penalties associated with selling stocks. I recommend consulting a financial advisor for personalized advice based on your specific situation.","In Canada, there's no specific rule that prohibits students from holding investments like stocks. However, if you're considering using Registered Education Savings Plans (RESPs) for your education savings, it's essential to note that the RESP contribution limit is $2,500 per year, and the lifetime contribution limit is $50,000.

If you're deciding between selling stocks or facing credit card interest, consider the following:

* Credit card interest rates in Canada can range from 19.99% to 29.99%.
* If you sell your stocks now, you may face capital gains tax (15% federal and up to 26.7% provincial).

It's recommended to consult a financial advisor or conduct further research before making a decision that suits your specific situation."
FQ00016,factual,Reducing estate costs before investing,"To reduce estate costs before investing, consider implementing strategies such as gifting assets during your lifetime (up to $100,000 per year tax-free in Canada), creating a testamentary trust within your will, or using life insurance to cover potential estate taxes. Consult with a financial advisor for personalized advice based on your specific circumstances.",
FQ00017,factual,Update on Government's FHSA: Details about the Design of the Tax-Free First Home Savings Account,"The Federal Home Savings Account (FHSA) is a new government initiative aimed at helping Canadians save for their first home. It allows eligible individuals to contribute up to $8,000 per year, with an annual limit of $40,000, and all earnings within the account grow tax-free. Withdrawals can be made tax-free when used for a qualifying home purchase.",
FQ00018,factual,How does retirement impact a retail investor?,"Retirement can significantly affect a retail investor as they may experience a decrease in regular income, making it necessary to rely on their investment portfolio for income. This could lead to withdrawals from retirement accounts, potentially affecting the growth and longevity of those funds. It's important for investors to plan ahead by diversifying their portfolios, considering risk tolerance, and possibly seeking advice from a financial advisor to ensure a comfortable retirement.",
FQ00019,factual,XEQT or GIC for FHSA,"For a First Home Savings Account (FHSA) in Canada, only eligible investments are cash and mutual funds that primarily hold Canadian government bonds, provincial bonds, or investment grade bonds issued by qualifying Canadian corporations. Therefore, the exchange-traded fund XEQT (iShares S&P/TSX 60 Index Fund) is not an eligible FHSA investment as it does not meet these criteria. A Guaranteed Investment Certificate (GIC) can be an eligible FHSA investment if it meets certain conditions, such as having a term of at least five years and being issued by a qualified financial institution. However, it's essential to consult with a tax professional or financial advisor for specific",
FQ00020,factual,How to lower taxes on paycheck for investment purposes?,"To lower taxes on your paycheck for investment purposes, consider contributing to a Registered Retirement Savings Plan (RRSP). Contributions are tax-deductible, reducing your taxable income and potentially lowering the amount of taxes you owe. Additionally, any earnings within the RRSP grow tax-free until withdrawal, typically during retirement when you may be in a lower tax bracket.",
FQ00021,factual,How does a Guide to Online Investment Advisers impact a Retail Investor?,"The Guide to Online Investment Advisers provides retail investors with enhanced transparency, as it requires online advisors to disclose their fees, investment strategies, and potential conflicts of interest. This empowers investors to make informed decisions when choosing an online investment adviser.",
FQ00022,factual,What are the risks associated with investing in Horizon Risk?,"Horizon BetaPro Marijuana Index ETF (Horizon Risk) is a leveraged cannabis ETF that aims to replicate the performance of the North American Marijuana Index, but with a 3x daily multiple. This means it can amplify gains and losses significantly compared to traditional investments. The risks associated with Horizon Risk include high volatility due to its leveraged nature, potential regulatory changes affecting the cannabis industry, market risk, concentration risk (as it focuses on the marijuana sector), and liquidity risk (due to less trading volume). It's essential for investors to understand these risks before investing in such a product.",
FQ00023,factual,What is the impact of obtaining investment information on a retail investor?,"Obtaining investment information can significantly aid retail investors by providing them with knowledge about potential investment opportunities, risks, and returns. However, it's crucial to note that while this information can help inform decisions, it doesn't guarantee success and investors should always conduct their own due diligence or consult a financial advisor.",
FQ00024,factual,Overnight rate basics for investment,"The overnight rate, also known as the Bank Rate or the target for the overnight lending rate, is the interest rate at which banks lend and borrow funds from each other on an overnight basis in the Canadian interbank market. It's set weekly by the Bank of Canada (BoC) and influences short-term interest rates in the economy. As of March 2023, the overnight rate is 0.25%. This rate affects various types of loans, including mortgages and lines of credit, although not directly as they are influenced by prime lending rates which banks set independently based on the overnight rate.",
FQ00025,factual,"Comparison between BLK LP Index 2050 Fund, BLK LP 2055 Fund and XEQT/VGRO ETF for a 33-year-old with multiple accounts due to changing employers.","For a 33-year-old Canadian investor with multiple accounts, the BlackRock BLK LP Index 2050 Fund offers a more aggressive growth approach with a higher allocation to equities (90%), while the BlackRock BLK LP 2055 Fund is slightly less aggressive with an 80% equity allocation. On the other hand, the XEQT/VGRO ETF has a balanced allocation of 60% equities and 40% fixed income, making it a more moderate option compared to the BlackRock funds. The choice between these options depends on your risk tolerance, investment horizon, and financial goals.",
FQ00026,factual,Is TFSA more suitable than RRSP for the year 2025?,"In 2025, the decision between using a Tax-Free Savings Account (TFSA) versus a Registered Retirement Savings Plan (RRSP) depends on your current income tax bracket and future tax expectations. However, since TFSA withdrawals are tax-free, it might be more suitable if you expect to be in a higher tax bracket in retirement than now. RRSPs offer tax deductions upfront but withdrawals are taxed at retirement. Consult a financial advisor for personalized advice.",
FQ00027,factual,Investing in AI: What facts about artificial intelligence and investor behavior should I consider?,"When investing in AI, it's crucial to understand that the sector is rapidly growing, with global AI market expected to reach $190 billion by 2025. However, AI investments can be risky due to the high R&D costs and unpredictable regulatory environment. It's advisable to diversify your portfolio and consider investing in established AI companies or ETFs focused on technology and innovation.",
FQ00028,factual,Is there a risk of defaulting on a car loan?,"Yes, there is a risk of defaulting on a car loan if you fail to make regular payments as agreed upon in your contract. In Canada, if you miss three consecutive payments, the lender can declare your loan in default and take further actions such as repossession or legal proceedings. It's important to budget accordingly to avoid defaulting on your car loan.",
FQ00029,factual,How does Anchoring effect a retail investor?,"The Anchoring effect in investing refers to the tendency of an investor to rely too heavily on the first piece of information they receive (the ""anchor"") when making subsequent decisions, leading to potential biases and suboptimal investment choices. For example, if a retail investor initially hears that a stock is worth $100, they may overestimate or underestimate its true value based on this initial anchor, even if new information suggests otherwise. This can impact their decision-making process and potentially lead to poor investment outcomes.",
FQ00030,factual,How does adjusting asset allocation affect a retail investor?,"Adjusting asset allocation can significantly impact a retail investor by altering the risk and potential return profile of their portfolio. For instance, shifting towards more stocks (equities) may increase potential returns but also increase risk, while moving towards bonds (fixed income) generally reduces both potential returns and risk. It's essential to consider individual investment goals, risk tolerance, and time horizon when adjusting asset allocation.",
FQ00031,factual,"What is the rule of thumb for retirement, stating that CPP plus maxed RRSP equals 100% income replacement up to YAMPE at age 65?","The Rule of Thumb you're referring to is often called the ""70% Rule."" It suggests that by age 65, your combined Canada Pension Plan (CPP) and Maximum Registered Retirement Savings Plan (RRSP) income should replace approximately 70% of your pre-retirement earnings. However, it's important to note that this limit is subject to the Yearly Maximum Pensionable Earnings (YMPE), which changes annually. As of 2021, the YMPE is $58,700. This means that the maximum CPP benefit you can receive at full retirement age is based on this income limit. For RRSPs",
FQ00032,factual,How does Guaranteed Investment Certificate (GIC) affect a retail investor?,"A Guaranteed Investment Certificate (GIC) is a low-risk investment product offered by banks and trust companies. It guarantees the return of your initial investment plus interest, with fixed rates and terms ranging from several months to multiple years. For retail investors in Canada, GICs can provide a stable source of income and principal protection, making them an attractive option for those seeking safety and predictability in their investment portfolio.",
FQ00033,factual,How does managing a windfall impact a retail investor?,"Managing a windfall significantly impacts a retail investor as it provides an opportunity to accelerate wealth accumulation, but careful planning is crucial. The investor should consider diversifying investments, paying off high-interest debts, and potentially setting up an emergency fund or contributing to retirement accounts, while also being mindful of potential tax implications. It's advisable to consult with a financial advisor for personalized guidance.",
FQ00034,factual,What are the costs associated with LSIFs for a retail investor?,"For a retail investor in Canada, investing in Labour-Sponsored Investment Funds (LSIFs) may involve upfront fees, annual management expenses, and redemption fees. The maximum initial fee is 7% of the investment amount within the first year, while the annual management expense ratio can be up to 2.5%. Redemption fees may apply if you withdraw your funds within 8 years of investment, with a maximum fee of 10% for the first 2 years and decreasing linearly to 3% by the end of the eighth year.",
FQ00035,factual,What is the risk involved in investing in higher yield loan securities if credit card or other loan companies can sue to recover debt?,"Investing in higher yield loan securities, such as those issued by credit card or other loan companies, carries a higher risk due to the potential for default on loans. If a borrower defaults, the lender may pursue legal action to recover the debt, which could potentially impact the return on investment for the investor. It's important for investors to thoroughly research and understand the creditworthiness of the issuer and the terms of the security before investing.",
FQ00037,factual,Requirements for checking crypto investment knowledge,"In Canada, the Investment Industry Regulatory Organization of Canada (IIROC) and the Canadian Securities Administrators (CSA) do not specifically regulate cryptocurrencies as investments. However, the Ontario Securities Commission (OSC) has stated that some cryptocurrencies may be considered securities and subject to regulations. To check your crypto investment knowledge, consider taking online courses or exams offered by reputable platforms like Investopedia, Coursera, or Coinbase Learn. Additionally, staying updated on news and trends in the crypto market can help improve your understanding.",
FQ00038,factual,Reinvesting interest and dividends before investing,"In Canada, if you choose to reinvest your interest and dividends within a non-registered account, the reinvested amounts are not considered as new contributions and do not affect your contribution room for that year. However, any capital gains or losses realized from these reinvested amounts will still need to be reported on your tax return.",
FQ00039,factual,How does tracking investing returns impact a retail investor?,"Tracking investing returns is crucial for retail investors as it allows them to monitor the performance of their investments, make informed decisions, and evaluate the success of their investment strategies. For example, if an investor's portfolio has a 10% return over a year, they can determine whether this meets their expectations or if adjustments are needed.",
FQ00040,factual,How does human capital impact a retail investor?,"Human capital, which refers to an individual's skills, knowledge, and experience, significantly impacts a retail investor by enhancing their ability to make informed investment decisions, understand complex financial products, and adapt to market changes, ultimately leading to potentially higher returns and better long-term financial success.",
FQ00041,factual,What should one be cautious about when googling TFSA contribution limit?,"When googling the TFSA (Tax-Free Savings Account) contribution limit for Canadians, it's essential to verify the source of information and ensure that the data provided is up-to-date. As of 2021, the annual contribution limit is $6,000, but it may change from year to year. It's also important to note that unused contribution room from previous years can be carried forward, allowing for potential higher total contributions over time.",
FQ00042,factual,Seeking clarification on conflicting advice received from an accountant regarding Spousal RRSP,"A Spousal RRSP is a retirement savings plan where one spouse contributes to an RRSP in the name of the other spouse, potentially allowing for tax savings. However, there are income-based contribution limits ($27,830 for 2021) and the contributions are not deductible by the contributor but are taxable when withdrawn by the recipient. It's best to consult with a financial advisor for personalized advice based on your specific circumstances.",
FQ00043,factual,"Is it possible to put a downpayment in the stock market and if so, does doing so mean that we are cutting our losses?","In the context of investing in the stock market, there isn't a traditional concept of a ""down payment"" as you would find with real estate. However, you can buy stocks by paying their current market price or through a process called dollar-cost averaging where you invest a fixed amount at regular intervals, which can help mitigate the impact of market volatility. If you're considering selling some of your existing holdings to buy more stocks (not necessarily the same ones), it could be seen as cutting losses if the new investments perform better than the sold ones. But it's important to remember that past performance is not a guarantee of future results. Always consult with a financial advisor before making investment decisions.",
FQ00044,factual,How does setting goals help with saving before investing?,"Setting financial goals helps save before investing by providing a clear direction for your savings, allowing you to determine the amount needed, and establishing a timeline to achieve that goal. This process encourages discipline in saving and ensures that your investments align with your long-term objectives.",
FQ00045,factual,Selling VFV and buying VOO,"If you're a Canadian investor looking to swap your Vanguard FTSE Canada All Cap Index ETF (VFV) for the Vanguard S&P 500 Index Fund (VOO), you would need to sell the equivalent number of shares in VFV that you currently hold, and then purchase the same number of shares in VOO. Keep in mind that there may be capital gains taxes on any profits from selling VFV, and trading fees for both transactions. Always consult with a financial advisor or do thorough research before making investment decisions.",
FQ00046,factual,What are the steps for a child receiving an inheritance before investing?,"In Canada, when a minor receives an inheritance, it is typically held by a custodian until the child turns 18 or 19 (depending on the province). The custodian manages the funds responsibly and can invest them in various ways. Once the child reaches the age of majority, they gain control over the inherited assets and can choose to invest them further according to their own investment strategy. It's always advisable to consult with a financial advisor for personalized advice.",
FQ00047,factual,What are the risks of setting up fraud/credit alerts with Equifax?,"Setting up fraud or credit alerts with Equifax can help protect your credit by notifying you of certain activities, such as new credit inquiries or changes to your credit report. However, there are potential risks and inconveniences associated with these alerts. For instance, a fraud alert may make it more difficult for you to obtain credit, and an initial credit alert lasts only 90 days, after which it must be renewed if needed. It's also important to note that while Equifax takes steps to protect your information, there is always a risk of data breaches in the digital world.",
FQ00048,factual,How does organizing account statements affect a retail investor?,"Organizing account statements can help retail investors by providing a clear overview of their investment portfolio, including gains or losses, dividends received, and transaction history. This organization can facilitate easier tracking of investments, helping investors make informed decisions about their financial strategy. However, it's important to note that the specific method of organization may vary depending on the brokerage platform used.",
FQ00049,factual,What is the impact of loss aversion on a retail investor?,"Loss aversion, a psychological phenomenon where people tend to strongly prefer avoiding losses to acquiring equivalent gains, can significantly affect retail investors. For instance, research shows that the pain of losing $50 is about twice as powerful as the pleasure gained from a $50 gain (a ratio of 2:1). This can lead retail investors to hold onto losing investments too long or sell winning ones too early due to fear of loss or overconfidence in gains.",
FQ00050,factual,"How did DSC Holdings' situation on June 1, 2022 impact retail investors?","On June 1, 2022, DSC Holdings announced a reverse takeover of a private company, which resulted in a significant change to the company's business operations. This event may have had an impact on retail investors as it could potentially alter the company's financial performance and risk profile, affecting their investment decisions and potential returns. It is recommended that retail investors closely monitor the company's developments and consult with a financial advisor for personalized advice.",
FQ00051,factual,"Equity (EQ) Bank is lowering the interest rates for High Interest Savings Account (HISA), Tax-Free Savings Account (TFSA), and Registered Retirement Savings Plan (RRSP) to 1.25%","Effective immediately, Equity (EQ) Bank has lowered the interest rates for their High Interest Savings Account (HISA), Tax-Free Savings Account (TFSA), and Registered Retirement Savings Plan (RRSP) to 1.25%. This means that the annual percentage yield on these accounts will now be 1.25%, a decrease from previous rates.",
FQ00052,factual,How can a retail investor be both an active and passive investor?,"A retail investor can adopt a hybrid approach to be both an active and passive investor by allocating a portion of their portfolio to actively managed funds for selective stock picking, while the remaining portion is invested in index funds or exchange-traded funds (ETFs) that passively track broad market indices. This strategy allows for potential higher returns through active management, while still benefiting from the lower costs and diversification offered by passive investments.",
FQ00053,factual,What is the impact of Finfluencer's power of persuasion on a retail investor?,"The power of persuasion by Finfluencers can significantly influence retail investors, as they often have large followings and share investment advice. For instance, a study by the University of California found that a single tweet from a popular Finfluencer could potentially impact the stock price of a company by 0.05%. However, it's crucial to note that this influence should be used with caution, as not all Finfluencers provide accurate or reliable investment advice.",
FQ00054,factual,Does selling a home without an agent impact a retail investor?,"Selling a home without an agent (also known as For Sale By Owner, or FSBO) can potentially save you thousands of dollars in real estate agent commissions, which typically range from 5% to 7% of the home's sale price. However, it may also require more time and effort on your part to handle tasks such as marketing, negotiations, and paperwork.",
FQ00055,factual,Choosing an RESP provider,"When choosing an RESP (Registered Education Savings Plan) provider in Canada, consider factors such as low management fees, high interest rates, government grants like the Canada Education Savings Grant (CESG) and the Additional Canada Education Savings Grant (ACESG), investment options, and customer service. Some popular providers include the Canadian Scholarship Foundation, Questwealth Education Planning, and CIBC Education Funds. Always review the details of each plan to find the best fit for your needs.",
FQ00056,factual,Changes to expect before investing,"Before investing, it's essential for a Canadian investor to be aware of the following changes:

1. As of January 1, 2022, the federal capital gains inclusion rate has increased from 50% to 75%, meaning that 75% of a capital gain is now included in taxable income.
2. The TFSA (Tax-Free Savings Account) contribution limit for 2023 is $6,500, and any unused contribution room from previous years can be carried forward.",
FQ00057,factual,How does creating an investment policy statement impact a retail investor?,"Creating an Investment Policy Statement (IPS) for a retail investor helps to clearly define the investment objectives, risk tolerance, time horizon, and strategic and tactical asset allocation guidelines. This document serves as a roadmap for managing investments effectively, ensuring they align with the investor's financial goals and risk preferences.",
FQ00058,factual,Rebalancing Portfolio and its Impact on Retail Investors,"Rebalancing a portfolio involves periodically adjusting the asset allocation to maintain the original mix, as market movements may cause deviations from the desired balance. For retail investors in Canada, it's generally recommended to rebalance annually or semi-annually, depending on the volatility of the assets involved. However, frequent rebalancing could lead to unnecessary transaction costs, so finding an optimal frequency is essential.",
FQ00060,factual,Should we use our investments to pay off our mortgage?,"Paying off a mortgage with investment funds can reduce monthly expenses, but it also ties up capital that could potentially earn returns if invested elsewhere. The general rule is to maintain an emergency fund and ensure adequate retirement savings before considering using investments for mortgage payments. However, each individual's financial situation is unique, so it's recommended to consult a financial advisor for personalized advice.",
FQ00061,factual,Communicating Your Estate Plan Before Investing - What are the key points to consider?,"When communicating your estate plan before investing, it's crucial to inform your beneficiaries about the existence and details of your will or trust, any power of attorney documents, and investment accounts. Additionally, discuss your investment strategies, risk tolerance, and long-term financial goals to ensure they align with your wishes upon your death. It's also advisable to consult a legal or financial professional for guidance on estate planning matters.",
FQ00062,factual,How does the service of providing information about products and services impact a retail investor?,"Providing detailed information about products and services can significantly benefit retail investors by helping them make informed decisions, reducing potential risks, and fostering confidence in their investment choices. However, it's essential to ensure that the information is accurate, unbiased, and compliant with regulations such as those set by the Investment Industry Regulatory Organization of Canada (IIROC) and the Canadian Securities Administrators (CSA).",
FQ00063,factual,Will I make Wealthsimple my primary bank?,"To make Wealthsimple your primary bank, you would need to open a Wealthsimple Cash account (currently only available in Canada). However, it's important to note that while Wealthsimple Cash offers spending and savings accounts, it does not currently offer all the services of a traditional bank such as loans or credit cards. It primarily focuses on investment and banking services. You should consider your financial needs and preferences before making this decision.",
FQ00064,factual,What are the steps to create an investment recovery plan?,"To create an investment recovery plan, follow these steps:

1. Assess your current portfolio and identify underperforming investments.
2. Research potential alternatives or strategies to improve returns, such as diversification, rebalancing, or selling losing positions.
3. Develop a strategy based on your risk tolerance, financial goals, and the chosen alternative, and implement it by adjusting your portfolio accordingly.",
FQ00067,factual,Other types of workplace savings plans,"In addition to the Registered Retirement Savings Plan (RRSP), there are other types of workplace savings plans in Canada, such as the Tax-Free Savings Account (TFSA) and the Registered Education Savings Plan (RESP). However, these are not employer-sponsored like RRSPs can be. The TFSA allows Canadians 18 years or older to save up to $6,000 per year tax-free, while RESP is a savings plan for education expenses of a child or apprentice with annual contributions limited to $50,000 per beneficiary.",
FQ00068,factual,Recommend a tax-efficient broad market ETF for holding within a corporation,"For tax-efficient broad market exposure within a Canadian corporation, consider the iShares S&P/TSX 60 Index ETF (XIU). It is a popular choice due to its capital gains distribution policy, which aims to minimize annual distributions and potential tax liabilities. However, always consult with a financial advisor or accountant for personalized advice.",
FQ00069,factual,Information needed about out-of-country travel medical insurance before investment,"For Canadians planning to travel outside the country, it's essential to have out-of-country travel medical insurance. The Canadian government recommends that you get coverage of at least $500,000 for emergency medical care and hospitalization. Some travel insurance policies may also cover trip cancellation, baggage loss, or other travel-related incidents. It's advisable to research various providers and compare their offerings before making a decision.",
FQ00070,factual,The individual's journey towards accumulating $1M in their RRSP began 25 years ago.,"To reach a $1M goal in an RRSP after 25 years, the investor would need to achieve an average annual return of approximately 6.3% (assuming no contributions after the initial investment and considering inflation at 2%). However, this is just a rough estimate and actual results may vary based on market conditions and individual investment strategies.",
FQ00071,factual,"Before investing in digital coins, what are the basic things one should know?","Before investing in digital coins (cryptocurrencies), it's essential to understand the following key points:

1. Risk Level: Cryptocurrencies are highly volatile and risky investments, with potential for significant gains but also losses.
2. Regulations: Familiarize yourself with Canadian regulations regarding cryptocurrency trading, such as tax implications and Know Your Customer (KYC) procedures.",
FQ00072,factual,Is investing all money in XEQQ at age 30 until retirement without any intervention a sound strategy?,"Investing all funds in the iShares MSCI Global Quality Factor ETF (XEQQ) from age 30 to retirement without any intervention could potentially yield high returns due to its focus on quality stocks. However, it's essential to consider diversification and risk management, as investing solely in one ETF may not provide a balanced portfolio. It is recommended to consult with a financial advisor before making investment decisions.",
FQ00073,factual,Is CPP one of the best retirement assets?,"The Canada Pension Plan (CPP) is a significant source of retirement income for many Canadians, but it's not necessarily considered the ""best"" retirement asset due to its limitations. As of 2021, the maximum monthly benefit for a retiree with no other CPP benefits is approximately $1,235. However, personal savings and investments, such as RRSPs or TFSAs, often provide more control over retirement income and have the potential for higher returns. It's recommended to diversify your retirement assets for financial security in old age.",
FQ00075,factual,Why is VFV.TO and ZSP.TO decreased by 1% while S&P is increased by 0.75%?,"The decrease in VFV.TO (iShares MSCI Canada ETF) and ZSP.TO (BMO S&P/TSX Capped Composite Index ETF) by 1%, while the S&P 500 increased by 0.75%, could be due to sector-specific or company-specific factors within the Canadian market that are not fully represented in the S&P 500 index. These factors may include economic, political, or industry events affecting certain sectors disproportionately compared to the broader U.S. market.",
FQ00076,factual,TFSA_Maxed_RRSP_Maxed_FHSA_Maxed_whats_next,"If your Tax-Free Savings Account (TFSA), Registered Retirement Savings Plan (RRSP), and Home Buyers Plan (FHSA) are maxed out, you might consider investing in a non-registered account or exploring other investment options such as RESP for education savings, or RRIF/LIF for retirement income if you've already retired. However, it's always best to consult with a financial advisor to determine the best strategy based on your individual circumstances and financial goals.",
FQ00077,factual,How does behavioral bias influence a retail investor during market bubbles?,"During market bubbles, behavioral bias significantly impacts retail investors by causing them to overestimate the value of assets that are increasing rapidly (overconfidence bias), leading to excessive buying and inflating asset prices further. Conversely, when the bubble bursts, they may exhibit loss aversion bias, selling too early or holding onto losing investments out of fear of missing out on future gains.",
FQ00078,factual,Trend of young Canadians taking mini retirement breaks for travel and hobbies,"The trend of young Canadians taking mini retirement breaks, often referred to as ""FIRE"" (Financial Independence, Retire Early), is on the rise. This movement encourages individuals to save aggressively and live frugally in their 20s and 30s, allowing them to retire or take extended breaks for travel and hobbies earlier than traditional retirement age. For example, some aim to retire by age 40 with a savings goal of 25-30 times their annual expenses.",
FQ00079,factual,Why are the penalties for overcontributing to an RRSP so harsh?,"The penalties for overcontributing to a Registered Retirement Savings Plan (RRSP) in Canada are harsh due to the fact that excess contributions are taxed at 1% per month until the contribution limit is reached or the excess amount is withdrawn. This means if you exceed your RRSP contribution limit by $2,000, you could potentially face a penalty of $240 ($2,000 * 12%). It's essential to monitor and stay within the annual contribution limits to avoid these penalties.",
FQ00080,factual,Investment in XEQT and S&amp;P 500 simultaneously,"Investing in both the iShares MSCI Canada ETF (XEQT) and the S&P 500 can be done by allocating a portion of your portfolio to each. For example, if you have $10,000 to invest, you might allocate 60% ($6,000) to XEQT and 40% ($4,000) to an S&P 500 ETF like VOO or SPY. However, it's important to note that this is just an example and the allocation should be based on your personal risk tolerance, investment goals, and time horizon. Always consult with a financial advisor before making any investment",
FQ00081,factual,Prerequisites for managing money as a couple before investing,"In Canada, both partners should have Power of Attorney documents to manage each other's finances if needed. Additionally, it's recommended to open a joint account for shared investments and maintain separate accounts for individual assets. Consulting with a financial advisor can help ensure compliance with Canadian investment regulations.",
FQ00082,factual,Review of the Wealthsimple Visa Infinite,"The Wealthsimple Visa Infinite card offers a cashback rate of 1% on all purchases, 2% on recurring payments like bills and subscriptions, and 5% on eligible investments with Wealthsimple. It also includes travel insurance benefits such as emergency medical coverage up to $2 million per insured person and trip cancellation/interruption insurance up to $5,000 per person. The annual fee is $179.",
FQ00083,factual,What is the impact of choosing an asset mix on a retail investor?,"Choosing an asset mix significantly affects a retail investor's portfolio performance and risk level. For instance, a higher allocation to stocks (equities) generally offers higher potential returns but also increased volatility and risk, while a greater allocation to bonds (fixed income) typically provides lower returns with less risk. It's essential for investors to balance their asset mix according to their investment goals, risk tolerance, and time horizon.",
FQ00084,factual,Collecting personal and financial information before investing,"In Canada, it's essential to provide some personal and financial information when investing. The Personal Information Form (PIF) is commonly used for this purpose. This form includes details such as your name, address, social insurance number, income, and investment experience. However, it's important to note that only regulated financial institutions can legally request and handle such sensitive information. Always ensure you are dealing with a registered and legitimate institution to protect yourself from fraud.",
FQ00085,factual,How do registration categories impact a retail investor?,"Registration categories for investment advisors and portfolio managers in Canada, as defined by the National Instrument 31-103, can affect retail investors by determining the level of suitability, due diligence, and disclosure requirements that these professionals must adhere to. For instance, a registered dealing representative (IIROC Dealing Representative) is only allowed to execute trades on behalf of clients, while a portfolio manager (Portfolio Manager) can manage client portfolios and make investment decisions. This means that a Portfolio Manager may offer more comprehensive financial planning services compared to a Dealing Representative.",
FQ00086,factual,How does real estate impact a retail investor?,"Real estate investment can significantly impact a retail investor by providing potential long-term capital appreciation, steady income through rental income, and tax benefits such as deductions for mortgage interest and property expenses. However, it also requires substantial initial capital, ongoing maintenance costs, and may be subject to market fluctuations and economic downturns.",
FQ00087,factual,How does power of attorney work before investing?,"A Power of Attorney (POA) is a legal document that authorizes one person (the attorney) to act for another person (the grantor) in various matters, including financial decisions. In the context of investing, if you want someone else to manage your investments on your behalf, they would need a POA with specific powers related to property and financial transactions. It's important to note that the exact requirements may vary by province, so it's advisable to consult with a legal professional for guidance tailored to your situation.",
FQ00088,factual,Is it advisable to withdraw from RRSP to pay off a 23% loan?,"Withdrawing from an RRSP to pay off a high-interest loan (23%) could potentially save you money in the long run due to the interest savings. However, keep in mind that RRSP withdrawals are taxable and may push you into a higher tax bracket. It's recommended to consult with a financial advisor before making such a decision.",
FQ00089,factual,What should one know about crypto assets before investing?,"Before investing in cryptocurrencies, it's essential to understand that they are highly volatile and risky. It's recommended to only invest an amount you can afford to lose. Additionally, research the technology behind each asset, its use case, and the team behind it to make informed decisions. Always ensure you're using secure platforms for storage and trading.",
FQ00090,factual,What are the risks of leveraged ETFs?,"Leveraged ETFs amplify daily market movements, which can lead to significant gains or losses. However, these gains or losses do not compound over time like traditional investments, and they reset each trading day. This means that if held for more than a day, the performance may deviate significantly from the intended multiple of the underlying index's daily return.",
FQ00091,factual,"The user's total portfolio is down 86% with an investment of $14000, consisting of three stocks: two weed and one banking stock.","To recover the initial investment of $14,000, your portfolio needs to increase by approximately $12,300 (86% of $14,000). To achieve this, you would need a 575% return on your investments in the weed stocks and a 14% return on your banking stock. Keep in mind that these are approximate figures and actual returns may vary based on market conditions and individual stock performance.",
FQ00092,factual,Making RRSP withdrawals rules for before and after retirement,"In Canada, you can make withdrawals from your Registered Retirement Savings Plan (RRSP) before retirement, but they are taxable and subject to withholding taxes. After age 59½ (or retirement), you can contribute withdrawn funds to a Registered Retirement Income Fund (RRIF) or receive regular payments as annuities, which have mandatory minimum withdrawals starting at age 71. Withdrawals from RRIFs and annuities are also taxable.",
FQ00094,factual,What is the risk level for WealthSimple?,"Wealthsimple, a digital investment platform, offers three primary account types: Balanced (moderate risk), Growth (higher risk), and High Growth (highest risk). The risk levels are determined by the asset allocation of each portfolio, with higher-risk portfolios having a larger percentage of equities and lower-risk portfolios having a larger percentage of bonds. For instance, the Balanced portfolio has 60% equities and 40% fixed income, while the High Growth portfolio has 100% equities.",
FQ00095,factual,Retirement planning comparison between buying a rental property and maxing out RRSPs,"Comparing retirement planning between buying a rental property and maxing out RRSPs, both have their advantages. Maxing out RRSPs annually (up to $27,830 in 2021) offers tax savings as contributions are tax-deductible and investment growth is tax-deferred until withdrawal. On the other hand, a rental property can generate passive income and potential long-term capital appreciation, but it requires initial capital, ongoing maintenance costs, and may be subject to vacancy periods and market fluctuations. It's essential to consider your personal financial situation, risk tolerance, and investment goals when making a decision.",
FQ00096,factual,Does preparing a tax return for a deceased individual impact a retail investor?,"Yes, as a retail investor, you may need to include any capital gains or losses from the deceased individual's investment accounts in your tax return if they were jointly owned or you are the estate's executor. The deadline for filing the deceased person's final tax return is usually December 31 of the year following their death. Consult a tax professional for specific advice regarding your situation.",
FQ00098,factual,ESG ratings for retail investor decision making - Facts about ESG ratings impact and their relevance for investors,"ESG (Environmental, Social, and Governance) ratings are increasingly important for retail investors as they provide insights into a company's sustainability and ethical performance. These ratings can influence investment decisions, as some studies suggest that companies with high ESG scores tend to outperform those with low scores in the long term. However, it's essential to note that while ESG ratings can be useful, they should not be the sole basis for investment decisions, as other factors such as financial performance and industry trends also play significant roles.",
FQ00099,factual,Funded a FHSA (First Home Savings Account) at Questrade.,"In Canada, contributions to a First Home Savings Account (FHSA) can be made up to $8,000 per year and total lifetime contributions are limited to $40,000. Withdrawals from the FHSA are tax-free when used for a qualifying home purchase. However, it's important to note that FHSAs can only be opened by individuals who are at least 18 years old but have not yet owned a home.",
FQ00100,factual,What affects a retail investor due to a TFSA?,"A Retail Tax-Free Savings Account (TFSA) in Canada allows an individual to save money tax-free throughout their lifetime. Contributions are made with after-tax dollars, and any income or capital gains earned within the account are also tax-free. However, excess contributions may result in a penalty, and withdrawals are not subject to taxes but do not count towards future contribution room until the following year.",
FQ00102,factual,What impact does a market bubble have on a retail investor?,"A market bubble can significantly affect retail investors as prices of assets inflate beyond their intrinsic values, leading to potential losses when the bubble bursts and asset prices plummet. For example, during the 2000 Dot-com bubble, many retail investors lost substantial amounts of money due to overvalued tech stocks collapsing in price. It's crucial for retail investors to conduct thorough research, diversify their portfolios, and avoid making emotional investment decisions based on hype or fear during periods of market bubbles.",
FQ00103,factual,Comparison of returns between Bank Mutual Funds and ETFs over 25 years,"Over a 25-year period, both bank mutual funds and ETFs have shown growth, but ETFs generally outperform mutual funds due to their lower expense ratios. For instance, from 1996 to 2021, the S&P/TSX Composite Total Return Index (representing Canadian stocks) had an average annual return of approximately 7.5%, while a typical Canadian balanced mutual fund returned around 6%. On the other hand, a low-cost ETF like XBB (iShares Core Balanced Fund) had an average annual return of about 8% during the same period.",
FQ00104,factual,How does having girlfriend's parents contribute 50% of the downpayment as an investment in a condo affect us?,"In Canada, if your girlfriend's parents are contributing 50% of the down payment for a condo you will both be living in, it is considered a gift and does not need to be repaid. However, they should be aware that their contribution may impact the mortgage approval process and potentially affect property ownership rights, so it's advisable to consult with a real estate lawyer or financial advisor.",
FQ00105,factual,How does power of attorney affect a retail investor?,"A Power of Attorney (POA) allows one person (the ""attorney"") to act for another person (the ""donor"") in various matters, including financial and legal decisions. For a retail investor, granting a POA means the attorney can manage their investments, buy or sell securities on their behalf, access investment accounts, and make important financial decisions if the donor is unable to do so themselves. It's crucial for investors to choose a trusted individual as the attorney and understand the specific powers granted in the POA document.",
FQ00106,factual,Is anyone selling stocks in anticipation of market decline due to war?,"While it's difficult to definitively say who is selling stocks due to war-related concerns, there might be an increase in sell orders as investors react to geopolitical tensions. For example, during the Russia-Ukraine conflict in 2014, stock markets experienced volatility due to uncertainty caused by the conflict. However, it's essential to note that not everyone sells stocks in anticipation of a market decline, and many investors may choose to buy undervalued stocks during such times.",
FQ00107,factual,Does TurboTax no longer allow reporting of investment income for free? Will it attempt to trick users into paying?,"As of 2021, TurboTax no longer offers a completely free version for filing taxes that includes the reporting of investment income. However, they do offer a basic version for simple tax returns without investment income at no cost. If you have investment income, you will need to upgrade to a paid version. TurboTax aims to guide users towards the most suitable product for their needs, but it does not intentionally attempt to trick users into paying for unnecessary features.",
FQ00109,factual,Using CASH.TO instead of Wealthsimple Cash for short-term savings,"Using CASH.TO instead of Wealthsimple Cash for short-term savings means you'll be utilizing a high-interest savings account offered by Canadian Imperial Bank of Commerce (CIBC). The interest rate varies but as of March 2023, it offers a competitive 1.50% interest rate compared to Wealthsimple's 1.40% for their High-Interest Savings Account. However, always consider account fees and other factors when choosing a savings account.",
FQ00110,factual,What are key points to consider before investing in real estate?,"Before investing in real estate in Canada, consider the following key points:
1. Research local market trends and property values to ensure a profitable investment.
2. Factor in costs such as mortgage payments, property taxes, maintenance, and potential vacancies when calculating returns.
3. Understand the legal requirements and regulations for buying and owning property in Canada, including zoning laws and tenant rights.",
FQ00112,factual,Information required before investing by province and territory,"In Canada, each province and territory has its own securities regulatory body that requires investors to meet certain eligibility criteria before investing in securities. For example, in Ontario, the Ontario Securities Commission (OSC) requires individuals to be ""accredited investors"" or meet specific income and net worth thresholds. In Quebec, the Autorité des marchés financiers (AMF) also has similar eligibility requirements for investing in certain securities. It's important to check with the regulatory body of your province or territory for specific rules and regulations.",
FQ00113,factual,What is the effect of an Investment Policy Statement on a Retail Investor?,"An Investment Policy Statement (IPS) for a retail investor outlines the investment objectives, risk tolerance, time horizon, and strategies to achieve financial goals. It helps ensure that the investment manager follows a predefined plan, promoting transparency, accountability, and alignment of interests between the investor and the manager.",
FQ00114,factual,What is the impact of Get Smarter About Trading on a retail investor?,"Get Smarter About Trading (GSAT) is an online educational platform that provides courses and resources for retail investors to learn about trading strategies, financial markets, and investment analysis. The impact on a retail investor can be significant as it offers the opportunity to acquire new skills, improve their understanding of the market, and potentially make more informed decisions when investing. However, it's important to note that while education can help, it doesn't guarantee profits or protect against losses in trading.",
FQ00115,factual,What is the impact of five methods for finding money to save on a retail investor?,"1. Dividend Reinvestment Plans (DRIPs): Investors can reinvest their dividends automatically, reducing transaction costs and compounding returns over time. For example, TD Bank's DRIP has no commission fees.

2. Low-Cost Index Funds: Investing in low-cost index funds allows retail investors to achieve broad market exposure at a minimal expense ratio. Vanguard's 500 Index Fund, for instance, has an expense ratio of 0.04%.

3. Tax-Free Savings Account (TFSA): Canadians can save up to $6,000 annually in a TFSA without paying taxes on the investment income or capital gains",
FQ00116,factual,Are there delays for FHSA contributors in receiving their tax refund?,"Yes, contributions to the First Home Savings Account (FHSA) are not eligible for tax deductions in the year they are made. However, any withdrawals used for a qualifying home purchase can be claimed as a refundable tax credit on your tax return, typically resulting in a refund or reduced tax owed in the year of the withdrawal.",
FQ00117,factual,What impact do crypto assets have on a retail investor?,"Crypto assets can significantly impact retail investors due to their high volatility and potential for substantial gains or losses. For instance, Bitcoin's price has fluctuated greatly over the years, rising from around $10,000 in 2020 to nearly $65,000 in April 2021, before dropping back down. It's crucial for retail investors to thoroughly research and understand the risks associated with crypto assets before investing. Additionally, regulations regarding crypto investments vary by jurisdiction, so it's essential to comply with local laws and guidelines.",
FQ00118,factual,What is the impact of an investment philosophy '6. What is your investment philosophy' on a retail investor?,"An investment philosophy, such as the one you mentioned, outlines a long-term approach to managing investments based on certain beliefs and principles. For a retail investor, it can provide clarity on how their money will be managed, offering guidance on asset allocation, risk tolerance, and investment selection. This can help in making informed decisions and potentially achieving long-term financial goals. However, it's important for investors to understand that while a good philosophy can guide decision-making, individual results may vary due to market fluctuations and personal circumstances.",
FQ00120,factual,Using Wealthsimple as my primary bank,"With Wealthsimple, you can open a variety of investment accounts such as Tax-Free Savings Account (TFSA), Registered Retirement Savings Plan (RRSP), and non-registered accounts. They offer low management fees starting at 0.5%, and the minimum initial deposit is $1. However, it's important to note that Wealthsimple does not currently offer chequing or savings account services like a traditional bank would.",
FQ00121,factual,Will FHSA increase demand and drive prices higher?,"The First Home Savings Account (FHSA) is a new government initiative in Canada that allows first-time homebuyers to save up to $40,000 tax-free for a down payment. While it may provide more funds for first-time buyers, its impact on housing demand and prices is uncertain as it doesn't directly increase the amount of money available for purchases, unlike a mortgage loan insurance premium reduction or an increase in maximum amortization periods. However, if many Canadians take advantage of FHSA, it could potentially lead to increased competition among buyers, which might slightly push up housing prices in some markets.",
FQ00122,factual,How to diversify a portfolio before investing?,"To diversify a portfolio before investing, you can allocate your investments across various asset classes such as stocks, bonds, and real estate, and also consider geographical diversity by investing in international markets. Additionally, it's recommended to spread investments across different sectors within each asset class to reduce risk further. For example, if you invest in the technology sector, also consider investing in healthcare, finance, or consumer goods.",
FQ00123,factual,Comparison of RRSP withholding tax for XEQT and using IBKR to buy US ETFs,"In Canada, when you purchase U.S. ETFs like XEQT through Interactive Brokers (IBKR) within an RRSP account, there is no withholding tax applied on the dividends or capital gains, unlike with Canadian-listed ETFs where a 25% withholding tax may apply on U.S. source income. However, you are still responsible for reporting and remitting any applicable Canadian taxes on your annual tax return.",
FQ00124,factual,Key Responsibilities Before Investing,"Before investing, a Canadian investor should:

1. Understand the investment's risks and potential returns, as outlined in the Fund Facts document or similar disclosure documents.
2. Consider their financial situation, investment objectives, time horizon, and risk tolerance when making an investment decision.",
FQ00125,factual,VFV purchase in an RRSP account,"Purchasing VFV (iShares S&P/TSX 60 Index ETF) within a Registered Retirement Savings Plan (RRSP) is allowed, as it is a publicly traded security. However, the annual contribution limit for RRSPs in 2021 is $6,000, and any excess contributions may be subject to penalties. Consult with a financial advisor or the Canada Revenue Agency for specific details regarding your situation.",
FQ00126,factual,Does one needing an RRSP if they have a government pension?,"While having a government pension doesn't necessarily mean you need an RRSP, contributing to an RRSP can still provide tax benefits. If your marginal tax rate is higher while earning income than in retirement, contributing to an RRSP and withdrawing funds during lower-tax retirement years can result in tax savings. However, if your tax rate is similar or higher in retirement, it might not be beneficial for you to contribute to an RRSP. It's always a good idea to consult with a financial advisor to determine the best strategy for your individual situation.",
FQ00129,factual,Comparison of VFV returns and S&P 500 returns,"From January 2010 to December 2021, the iShares MSCI Canada ETF (VFV) had an average annual return of approximately 7.4%, while the S&P 500 had an average annual return of about 13.6%. This indicates that the S&P 500 outperformed VFV during this period, with a higher average annual return.",
FQ00130,factual,What does it mean to be a Trusted Contact Person for a retail investor?,"A Trusted Contact Person is a designated individual who can provide information or confirm the well-being of an account holder if the financial institution suspects that the account holder may be incapacitated, missing, or deceased. This designation allows the financial institution to bypass certain privacy rules and contact the Trusted Contact for necessary information while still respecting the account holder's privacy.",
FQ00132,factual,How can I start buying stocks?,"To start buying stocks in Canada, you'll need to open a brokerage account with a registered investment dealer. Some popular options include Questrade, Scotia iTrade, and TD Direct Investing. Once your account is set up, you can choose from thousands of stocks listed on the Toronto Stock Exchange (TSX) or TSX Venture Exchange (TSXV), and start investing with as little as $100 per trade (depending on the brokerage). Always remember to do thorough research before making investment decisions.",
FQ00133,factual,How does reducing taxes on paycheck affect a retail investor?,"Reducing taxes on paychecks can increase a retail investor's take-home pay, potentially allowing them to save or invest more each month, which could lead to increased long-term wealth accumulation. However, it's important to note that the exact impact depends on the specific tax rates and the individual's personal financial situation.",
FQ00134,factual,How does the bank impact a retail investor?,"Banks can significantly impact retail investors by providing various financial services such as savings accounts, chequing accounts, and investment products like mutual funds, stocks, bonds, GICs, etc. Interest rates on savings accounts, fees for services, and returns on investments can vary, affecting the investor's overall financial growth and wealth accumulation. Additionally, banks offer advice and guidance through financial advisors to help investors make informed decisions about their investments.",
FQ00135,factual,"What is the potential for increased tax rates on RRSP withdrawals in 30, 40, or 50 years? What level of control does the federal government have over RRSP funds?","The Canadian government does not currently have a policy to increase RRSP withdrawal tax rates in the future for a specific timeframe like 30, 40, or 50 years. However, the federal government has the authority to change tax laws, including those related to RRSP withdrawals, at any time. The current tax rate on RRSP withdrawals is generally the same as the individual's marginal tax rate in the year of withdrawal. It's always a good idea for investors to consult with a financial advisor or tax professional for the most accurate and up-to-date information.",
FQ00138,factual,How does planning for long-term care impact a retail investor?,"Planning for long-term care can significantly affect a retail investor by requiring additional financial resources, such as setting aside funds for potential care costs, which may impact the investment portfolio's growth and retirement savings plans. It is essential to consider long-term care insurance or other financial strategies to help manage these expenses and maintain a balanced investment approach.",
FQ00139,factual,What is the consequence for individuals in Canada who do not save for retirement?,"In Canada, individuals who do not save for retirement may face a significant financial burden in their later years. The Canada Pension Plan (CPP) and Old Age Security (OAS) benefits provide some income support, but they may not be sufficient to maintain the standard of living enjoyed during working years. Additionally, relying solely on government assistance could potentially limit one's quality of life and independence in retirement.",
FQ00140,factual,Seeking halal ETFs as all accounts have been maxed out.,"For a Canadian investor seeking Halal ETFs, the Horizons S&P Canada Ethically Screened Index ETF (HESC) and the BMO Global Stewardship Equity ETF (ZFIS) could be suitable options. These ETFs follow ethical screening criteria that exclude companies involved in activities deemed haram (forbidden) in Islam, such as alcohol, pork products, and interest-based businesses. However, it's essential to consult with a financial advisor or a religious scholar to ensure the ETFs align fully with your specific investment and religious requirements.",
FQ00142,factual,Ways to manage saving and investing during a recession,"During a recession, it's crucial to diversify your portfolio and focus on long-term growth. Consider allocating funds into low-risk assets like government bonds, while also maintaining some exposure to stocks in companies with strong fundamentals that are less sensitive to economic downturns. Additionally, regularly reviewing and adjusting your investment strategy can help manage risks and maximize returns during challenging market conditions.",
FQ00143,factual,How does Digital Tokens: A Reality Check impact a Retail Investor?,"""Digital Tokens: A Reality Check"" is a report that provides insights into the digital token market, including cryptocurrencies and security tokens. For retail investors, it can help in understanding the potential opportunities and risks associated with investing in this space, offering valuable information about regulatory frameworks, investment strategies, and market trends. However, it's essential to remember that the report is informational and does not replace professional financial advice. Always consult a financial advisor before making any investment decisions.",
FQ00144,factual,How does understanding risk affect investment decisions?,"Understanding risk is crucial for investment decisions as it helps investors assess potential gains and losses, choose appropriate asset classes (like stocks, bonds, or real estate), and determine suitable investment strategies based on their risk tolerance, time horizon, and financial goals. For instance, a conservative investor with a low-risk tolerance might prefer low-risk investments like government bonds, while a more aggressive investor may opt for high-risk assets like stocks in pursuit of higher returns.",
FQ00145,factual,Key features in banks' debt and preferred share offerings before investing,"When considering a bank's debt or preferred share offerings, a Canadian investor should focus on key features such as interest rates (for debt), dividend yields (for preferred shares), credit ratings, terms of maturity, call provisions, and any embedded warrants or conversion options. Additionally, it's essential to understand the bank's financial health, business model, and regulatory environment in which it operates.",
FQ00148,factual,What is the name of the new card unveiled by Wealthsimple?,"The new card unveiled by Wealthsimple is called the Wealthsimple Cash Back Card, offering 1% cash back on all purchases and no annual fee.",
FQ00149,factual,Is CPP one of the best retirement assets money can buy?,"The Canada Pension Plan (CPP) is a government-run pension program in Canada, and it's not necessarily considered the ""best"" retirement asset due to its limitations compared to private investment options. However, it does provide a stable source of income during retirement, with contributions up to a maximum of $3,500 per year from both employers and employees, and benefits are calculated based on the average earnings over the highest 15 years of contributions.",
FQ00150,factual,Is XEQT too aggressive for someone retiring in a few years?,"XEQT, iShares Core Global All Cap ETF, is considered a broad market index fund that includes both large and small companies from around the world. Due to its diversified nature, it can be less volatile than individual stocks but still carries some risk. If you're retiring in a few years, it might be too aggressive for your needs as retirement portfolios typically favor more conservative investments like bonds or balanced funds to ensure steady income and minimize risk. However, the suitability depends on your specific financial situation, risk tolerance, and retirement goals. It's always best to consult with a financial advisor before making investment decisions.",
